{"version":1,"content":[{"key":"hX5cgUxaOgvMOtfwQ7kGTNCbgCubtVFC","path":"AmyPond.png"},{"key":"aP0CxoSuTOZlCy9BwxclrTdVAunYUV2i","path":"AngelofLiberty.png"},{"key":"xX0SG5Gp951OtvOl945xuAZwEu50Mt6j","path":"BlueParadigmDalek.png"},{"key":"yK8JzpoPQSZegaAYAXF1lbOXMJykcH34","path":"ClaraOswald.png"},{"key":"bE4Rw0hQHvuJn4doMZChEIvH4Z4fsFzX","path":"ClockworkRobot1.png"},{"key":"hS6fRUg6WBb82pW1iamI9VAysayTyN91","path":"ClockworkRobot2.png"},{"key":"wO30gMUeF7BiBTha0Xo9VKjOJMCKiAju","path":"DalekSec.png"},{"key":"hY7IsUxPm0hx6KJyjaF3P5fBRqC9VLVn","path":"Davros.png"},{"key":"bT8or4E92rYwnlUoOcabqvId0AqkTSd2","path":"geometry.json"},{"key":"rL981QKTYJFfqgwuXhhNlg7eauvB6hw8","path":"HarrySullivan.png"},{"key":"tU1CpSsXcb3EbjB8zEoi6VazCHVerwVd","path":"HeadlessMonk.png"},{"key":"nI7civSfNL2WhoEwX69Oc0CkncAlp8mo","path":"HumanformVampireofVenice.png"},{"key":"oT55kbB3fhAMeGiN84FkJTtx15kKdFHX","path":"IceLord.png"},{"key":"mP9qhPJ8Q2sVILXQA2SNKgtx5yTFHr1Q","path":"IceLord_cape.png"},{"key":"tN1iABRmWSLZPQPox62l7mmf8Knfsr8b","path":"IceWarrior.png"},{"key":"pS1ay5xdtxuzKRgWcXaMaNWduQm1aoIT","path":"ImperialDalek.png"},{"key":"kO0PqXXvmlzEE5Ft7cXJjt9AWnF2HE2a","path":"ImperialGuardDalek.png"},{"key":"uS80YE2kjNPdgdhZGHwqLoCzKZyURL4G","path":"ImpossibleAstronaut.png"},{"key":"kA6ePmZoANkEhmWb7MOv6y0tCLa7NgmV","path":"InvasionEarthDalek.png"},{"key":"jO2l4UQVZ3nja8Xhv1RZ8MfW95o1cxXl","path":"KateStewart.png"},{"key":"rT7ArkgcJpzarkZMzAMTZ1GvxEvUn7Av","path":"Liz10.png"},{"key":"iH2UTsqNZv5F7XPuw1lQJhijYej4HYvd","path":"Liz10_cape.png"},{"path":"manifest.json"},{"key":"wI1tbOBY9g9Rx9psNWxrc3dTwNAEOZWT","path":"MelanieBush.png"},{"key":"nN5Gd96Bsdi3dmVi0SejNVc4mrrosjrk","path":"OrangeParadigmDalek.png"},{"key":"vJ1saYohNLlkLN6WsT31eEGwBp1udlbT","path":"OriginalSkaroDalek.png"},{"key":"wL9PTkVtIMqP30nI7YWuxfaX2vfjRdFw","path":"OswinOswald.png"},{"key":"cJ1bLmx4fKw0xVl7ilUsL5fVTu94ktV5","path":"PeriBrown.png"},{"key":"qL5hAyxHbmuTJHTZb4Fb2Jo0SY5gujV8","path":"PirateCaptainAvery.png"},{"key":"jI6csMFhnUafxaJzxSWTxIyA1o03Zm6f","path":"RedParadigmDalek.png"},{"key":"vC1tt8cdhAGwCynbHF9MOKO1PGN9mHcs","path":"RiverSong.png"},{"key":"aT347mrbh2EMqdVG0Bj5Ogs2PZE4TgGj","path":"Romana.png"},{"key":"yM3qvIUkTwoMAis24ivsXCpQdNyP4eYM","path":"RomanRoryWilliams.png"},{"key":"wY5yygV4NRbeFe00bqEKXTSnQE3BgyTR","path":"RomanRoryWilliams_cape.png"},{"key":"kA6cZluocaM5IrqvT9whLb6w2ZZ48sH0","path":"RoryWilliams.png"},{"key":"kW6etBX3cLHOBsT0F7HeOWSWaksLONEu","path":"RoseTyler.png"},{"key":"zO69yhNqIzFlEoSq7ErbE1KNE17wymAv","path":"SarahJaneSmith.png"},{"key":"tC7VBm3ezJ7fUGaWOMbNeOFjiSrRpWmx","path":"Shakri.png"},{"key":"cM89ORIQeQ2qP99qSmtCMdrgru2BFqSF","path":"Silurian2010.png"},{"key":"sY6YvNlktjb1YkvqjNxtrvMyAGJR66YB","path":"skins.json"},{"key":"eL9kAiMSP2uxbqTOKHgn1xKKrgF8Hukz","path":"Smiler.png"},{"key":"oM5iKNQfxrlzK86eTmCMUf7jSnH0nktq","path":"Snowman.png"},{"key":"zR9xYb1oV60AuOSRBTe6nYxSoEqK7j7W","path":"SpecialWeaponsDalek.png"},{"key":"cT64oRGohMpYbnHoM7xzAwJrKgaBlYAx","path":"SupremeRedDalek.png"},{"key":"uH9g1kCwUW0mbgX9zqZ2d1bSxbANApc3","path":"SusanForeman.png"},{"key":"lL79fVQTLomB8ZzaKWVSRjWNAm5HpLwj","path":"TeselectaAntibody.png"},{"path":"texts/bg_BG.lang"},{"path":"texts/cs_CZ.lang"},{"path":"texts/da_DK.lang"},{"path":"texts/de_DE.lang"},{"path":"texts/el_GR.lang"},{"path":"texts/en_GB.lang"},{"path":"texts/en_US.lang"},{"path":"texts/es_ES.lang"},{"path":"texts/es_MX.lang"},{"path":"texts/fi_FI.lang"},{"path":"texts/fr_CA.lang"},{"path":"texts/fr_FR.lang"},{"path":"texts/hu_HU.lang"},{"path":"texts/id_ID.lang"},{"path":"texts/it_IT.lang"},{"path":"texts/ja_JP.lang"},{"path":"texts/ko_KR.lang"},{"path":"texts/languages.json"},{"path":"texts/nb_NO.lang"},{"path":"texts/nl_NL.lang"},{"path":"texts/pl_PL.lang"},{"path":"texts/pt_BR.lang"},{"path":"texts/pt_PT.lang"},{"path":"texts/ru_RU.lang"},{"path":"texts/sk_SK.lang"},{"path":"texts/sv_SE.lang"},{"path":"texts/tr_TR.lang"},{"path":"texts/uk_UA.lang"},{"path":"texts/zh_CN.lang"},{"path":"texts/zh_TW.lang"},{"key":"dJ33avr5UqhvcNo0SloTkYTOfieEQNrT","path":"TheEleventhDoctor.png"},{"key":"iB8Nk301vLeKflr0JjaifRFLEVa1OX9j","path":"TheEmptyChild.png"},{"key":"vB90jRt71FKV4740IiesHPUKnSbYim7G","path":"TheFirstDoctor.png"},{"key":"dG209FVKjfM7pfqWxBG4qMFFmpbRUfu9","path":"TheFourthDoctor.png"},{"key":"kV8vSu2iCVOIxAO3igiKixTcwINBWFZO","path":"TheMaster.png"},{"key":"eT6ux9b2o6h6Ttj1dVkETSIevGYMJu5Y","path":"TheNinthDoctor.png"},{"key":"aJ5QFUdYeF0j29i6NS7wtXMO3HaerZ1c","path":"TheSilence.png"},{"key":"aL1QCi4hkCNLn8kmbKQZazvbM4zfZCM2","path":"TheSixthDoctor.png"},{"key":"gG2nlQTzbguP0o2ObEbWhO0FGf0YE44W","path":"TheTwelfthDoctor.png"},{"key":"bL4nGKlz9aHCJSutZdLQpTUVBvLUI7oz","path":"TheValeyard.png"},{"key":"xA0Gc6gLTa1MzbYrVRA62ceRf3gIFwwb","path":"TheWarDoctor.png"},{"key":"aW8KmcNGfTpKtbqZLFBjaGvcNo2xNX0I","path":"VashtaNerada.png"},{"key":"iF319dSCtQ7GJJe1tOEr0xx1cdVqZ28T","path":"WeepingAngel.png"},{"key":"yK1S9WYhKK0qN7bdh3XPPHLC1mGOaemB","path":"WhiteParadigmDalek.png"},{"key":"oH32xFz4XKnTIQTW3xNlqbG9ezoyKxPI","path":"WingedWeepingAngel.png"},{"key":"hJ8oB0pV69pjJPUa6G6vrRHUbdn7B2hl","path":"YellowParadigmDalek.png"},{"key":"zO5WJp3nzEpsqg4zuCZXcPxQKYpyFX74","path":"Zygon.png"},{"key":"pT0GGcdqnlwxwP2UhCSS58AMfcOkaJ8l","path":"signatures.json"},{"path":"texts/"}]}