{
  "skins": [
    {
      "localization_name": "TheTwelfthDoctor",
      "geometry": "geometry.DrWho1.TheTwelfthDoctor",
      "texture": "TheTwelfthDoctor.png",
      "type": "free"
    },
    {
      "localization_name": "ClaraOswald",
      "geometry": "geometry.DrWho1.ClaraOswald",
      "texture": "ClaraOswald.png",
      "type": "free"
    },
    {
      "localization_name": "TheEleventhDoctor",
      "geometry": "geometry.DrWho1.TheEleventhDoctor",
      "texture": "TheEleventhDoctor.png",
      "type": "free"
    },
    {
      "localization_name": "TheNinthDoctor",
      "geometry": "geometry.DrWho1.TheNinthDoctor",
      "texture": "TheNinthDoctor.png",
      "type": "free"
    },
    {
      "localization_name": "TheSixthDoctor",
      "geometry": "geometry.DrWho1.TheSixthDoctor",
      "texture": "TheSixthDoctor.png",
      "type": "free"
    },
    {
      "localization_name": "TheFourthDoctor",
      "geometry": "geometry.DrWho1.TheFourthDoctor",
      "texture": "TheFourthDoctor.png",
      "type": "free"
    },
    {
      "localization_name": "TheFirstDoctor",
      "geometry": "geometry.DrWho1.TheFirstDoctor",
      "texture": "TheFirstDoctor.png",
      "type": "free"
    },
    {
      "localization_name": "TheWarDoctor",
      "geometry": "geometry.DrWho1.TheWarDoctor",
      "texture": "TheWarDoctor.png",
      "type": "free"
    },
    {
      "localization_name": "AmyPond",
      "geometry": "geometry.DrWho1.AmyPond",
      "texture": "AmyPond.png",
      "type": "free"
    },
    {
      "localization_name": "RiverSong",
      "geometry": "geometry.DrWho1.RiverSong",
      "texture": "RiverSong.png",
      "type": "free"
    },
    {
      "localization_name": "RoryWilliams",
      "geometry": "geometry.DrWho1.RoryWilliams",
      "texture": "RoryWilliams.png",
      "type": "free"
    },
    {
      "localization_name": "RomanRoryWilliams",
      "geometry": "geometry.DrWho1.RomanRoryWilliams",
      "texture": "RomanRoryWilliams.png",
      "cape": "RomanRoryWilliams_cape.png",
      "type": "free"
    },
    {
      "localization_name": "OswinOswald",
      "geometry": "geometry.DrWho1.OswinOswald",
      "texture": "OswinOswald.png",
      "type": "free"
    },
    {
      "localization_name": "SusanForeman",
      "geometry": "geometry.DrWho1.SusanForeman",
      "texture": "SusanForeman.png",
      "type": "free"
    },
    {
      "localization_name": "SarahJaneSmith",
      "geometry": "geometry.DrWho1.SarahJaneSmith",
      "texture": "SarahJaneSmith.png",
      "type": "free"
    },
    {
      "localization_name": "MelanieBush",
      "geometry": "geometry.DrWho1.MelanieBush",
      "texture": "MelanieBush.png",
      "type": "free"
    },
    {
      "localization_name": "RoseTyler",
      "geometry": "geometry.DrWho1.RoseTyler",
      "texture": "RoseTyler.png",
      "type": "free"
    },
    {
      "localization_name": "PeriBrown",
      "geometry": "geometry.DrWho1.PeriBrown",
      "texture": "PeriBrown.png",
      "type": "free"
    },
    {
      "localization_name": "HarrySullivan",
      "geometry": "geometry.DrWho1.HarrySullivan",
      "texture": "HarrySullivan.png",
      "type": "free"
    },
    {
      "localization_name": "Romana",
      "geometry": "geometry.DrWho1.Romana",
      "texture": "Romana.png",
      "type": "free"
    },
    {
      "localization_name": "KateStewart",
      "geometry": "geometry.DrWho1.KateStewart",
      "texture": "KateStewart.png",
      "type": "free"
    },
    {
      "localization_name": "PirateCaptainAvery",
      "geometry": "geometry.DrWho1.PirateCaptainAvery",
      "texture": "PirateCaptainAvery.png",
      "type": "free"
    },
    {
      "localization_name": "TheMaster",
      "geometry": "geometry.DrWho1.TheMaster",
      "texture": "TheMaster.png",
      "type": "free"
    },
    {
      "localization_name": "Davros",
      "geometry": "geometry.DrWho1.Davros",
      "animations": {
        "move.legs": "animation.player.move.legs.stationary",
        "bob": "animation.player.bob.stationary"
      },
      "texture": "Davros.png",
      "type": "free"
    },
    {
      "localization_name": "WeepingAngel",
      "geometry": "geometry.DrWho1.WeepingAngel",
      "texture": "WeepingAngel.png",
      "type": "free"
    },
    {
      "localization_name": "VashtaNerada",
      "geometry": "geometry.DrWho1.VashtaNerada",
      "texture": "VashtaNerada.png",
      "type": "free"
    },
    {
      "localization_name": "ClockworkRobot1",
      "geometry": "geometry.DrWho1.ClockworkRobot1",
      "texture": "ClockworkRobot1.png",
      "type": "free"
    },
    {
      "localization_name": "ClockworkRobot2",
      "geometry": "geometry.DrWho1.ClockworkRobot2",
      "animations": {
        "move.legs": "animation.player.move.legs.stationary",
        "bob": "animation.player.bob.stationary"
      },
      "texture": "ClockworkRobot2.png",
      "type": "free"
    },
    {
      "localization_name": "TheEmptyChild",
      "geometry": "geometry.DrWho1.TheEmptyChild",
      "texture": "TheEmptyChild.png",
      "type": "free"
    },
    {
      "localization_name": "AngelofLiberty",
      "geometry": "geometry.DrWho1.AngelofLiberty",
      "animations": {
        "move.arms": "animation.player.move.arms.statue_of_liberty"
      },
      "texture": "AngelofLiberty.png",
      "type": "free"
    },
    {
      "localization_name": "WingedWeepingAngel",
      "geometry": "geometry.DrWho1.WingedWeepingAngel",
      "animations": {
        "move.arms": "animation.player.move.arms.zombie",
        "riding.arms": "animation.player.riding.arms.zombie",
        "holding": "animation.player.holding.zombie"
      },
      "texture": "WingedWeepingAngel.png",
      "type": "free"
    },
    {
      "localization_name": "IceWarrior",
      "geometry": "geometry.DrWho1.IceWarrior",
      "texture": "IceWarrior.png",
      "type": "free"
    },
    {
      "localization_name": "IceLord",
      "geometry": "geometry.DrWho1.IceLord",
      "texture": "IceLord.png",
      "cape": "IceLord_cape.png",
      "type": "free"
    },
    {
      "localization_name": "TheSilence",
      "geometry": "geometry.DrWho1.TheSilence",
      "texture": "TheSilence.png",
      "type": "free"
    },
    {
      "localization_name": "Zygon",
      "geometry": "geometry.DrWho1.Zygon",
      "texture": "Zygon.png",
      "type": "free"
    },
    {
      "localization_name": "Silurian2010",
      "geometry": "geometry.DrWho1.Silurian2010",
      "texture": "Silurian2010.png",
      "type": "free"
    },
    {
      "localization_name": "Snowman",
      "geometry": "geometry.DrWho1.Snowman",
      "animations": {
        "move.legs": "animation.player.move.legs.single",
        "bob": "animation.player.bob.stationary"
      },
      "texture": "Snowman.png",
      "type": "free"
    },
    {
      "localization_name": "HeadlessMonk",
      "geometry": "geometry.DrWho1.HeadlessMonk",
      "texture": "HeadlessMonk.png",
      "type": "free"
    },
    {
      "localization_name": "ImpossibleAstronaut",
      "geometry": "geometry.DrWho1.ImpossibleAstronaut",
      "texture": "ImpossibleAstronaut.png",
      "type": "free"
    },
    {
      "localization_name": "Liz10",
      "geometry": "geometry.DrWho1.Liz10",
      "texture": "Liz10.png",
      "cape": "Liz10_cape.png",
      "type": "free"
    },
    {
      "localization_name": "HumanformVampireofVenice",
      "geometry": "geometry.DrWho1.HumanformVampireofVenice",
      "texture": "HumanformVampireofVenice.png",
      "type": "free"
    },
    {
      "localization_name": "Smiler",
      "geometry": "geometry.DrWho1.Smiler",
      "texture": "Smiler.png",
      "type": "free"
    },
    {
      "localization_name": "Shakri",
      "geometry": "geometry.DrWho1.Shakri",
      "texture": "Shakri.png",
      "type": "free"
    },
    {
      "localization_name": "TeselectaAntibody",
      "geometry": "geometry.DrWho1.TeselectaAntibody",
      "animations": {
        "move.legs": "animation.player.move.legs.stationary",
        "bob": "animation.player.bob.stationary"
      },
      "enable_attachables": false,
      "texture": "TeselectaAntibody.png",
      "type": "free"
    },
    {
      "localization_name": "DalekSec",
      "geometry": "geometry.DrWho1.DalekSec",
      "texture": "DalekSec.png",
      "type": "free"
    },
    {
      "localization_name": "TheValeyard",
      "geometry": "geometry.DrWho1.TheValeyard",
      "texture": "TheValeyard.png",
      "type": "free"
    },
    {
      "localization_name": "WhiteParadigmDalek",
      "geometry": "geometry.DrWho1.WhiteParadigmDalek",
      "animations": {
        "move.legs": "animation.player.move.legs.stationary",
        "bob": "animation.player.bob.stationary"
      },
      "enable_attachables": false,
      "texture": "WhiteParadigmDalek.png",
      "type": "free"
    },
    {
      "localization_name": "BlueParadigmDalek",
      "geometry": "geometry.DrWho1.BlueParadigmDalek",
      "animations": {
        "move.legs": "animation.player.move.legs.stationary",
        "bob": "animation.player.bob.stationary"
      },
      "enable_attachables": false,
      "texture": "BlueParadigmDalek.png",
      "type": "free"
    },
    {
      "localization_name": "RedParadigmDalek",
      "geometry": "geometry.DrWho1.RedParadigmDalek",
      "animations": {
        "move.legs": "animation.player.move.legs.stationary",
        "bob": "animation.player.bob.stationary"
      },
      "enable_attachables": false,
      "texture": "RedParadigmDalek.png",
      "type": "free"
    },
    {
      "localization_name": "YellowParadigmDalek",
      "geometry": "geometry.DrWho1.YellowParadigmDalek",
      "animations": {
        "move.legs": "animation.player.move.legs.stationary",
        "bob": "animation.player.bob.stationary"
      },
      "enable_attachables": false,
      "texture": "YellowParadigmDalek.png",
      "type": "free"
    },
    {
      "localization_name": "OrangeParadigmDalek",
      "geometry": "geometry.DrWho1.OrangeParadigmDalek",
      "animations": {
        "move.legs": "animation.player.move.legs.stationary",
        "bob": "animation.player.bob.stationary"
      },
      "enable_attachables": false,
      "texture": "OrangeParadigmDalek.png",
      "type": "free"
    },
    {
      "localization_name": "ImperialDalek",
      "geometry": "geometry.DrWho1.ImperialDalek",
      "animations": {
        "move.legs": "animation.player.move.legs.stationary",
        "bob": "animation.player.bob.stationary"
      },
      "enable_attachables": false,
      "texture": "ImperialDalek.png",
      "type": "free"
    },
    {
      "localization_name": "OriginalSkaroDalek",
      "geometry": "geometry.DrWho1.OriginalSkaroDalek",
      "animations": {
        "move.legs": "animation.player.move.legs.stationary",
        "bob": "animation.player.bob.stationary"
      },
      "enable_attachables": false,
      "texture": "OriginalSkaroDalek.png",
      "type": "free"
    },
    {
      "localization_name": "InvasionEarthDalek",
      "geometry": "geometry.DrWho1.InvasionEarthDalek",
      "animations": {
        "move.legs": "animation.player.move.legs.stationary",
        "bob": "animation.player.bob.stationary"
      },
      "enable_attachables": false,
      "texture": "InvasionEarthDalek.png",
      "type": "free"
    },
    {
      "localization_name": "ImperialGuardDalek",
      "geometry": "geometry.DrWho1.ImperialGuardDalek",
      "animations": {
        "move.legs": "animation.player.move.legs.stationary",
        "bob": "animation.player.bob.stationary"
      },
      "enable_attachables": false,
      "texture": "ImperialGuardDalek.png",
      "type": "free"
    },
    {
      "localization_name": "SpecialWeaponsDalek",
      "geometry": "geometry.DrWho1.SpecialWeaponsDalek",
      "animations": {
        "move.legs": "animation.player.move.legs.stationary",
        "bob": "animation.player.bob.stationary"
      },
      "enable_attachables": false,
      "texture": "SpecialWeaponsDalek.png",
      "type": "free"
    },
    {
      "localization_name": "SupremeRedDalek",
      "geometry": "geometry.DrWho1.SupremeRedDalek",
      "animations": {
        "move.legs": "animation.player.move.legs.stationary",
        "bob": "animation.player.bob.stationary"
      },
      "enable_attachables": false,
      "texture": "SupremeRedDalek.png",
      "type": "free"
    }
  ],
  "serialize_name": "DrWho1",
  "localization_name": "DrWho1"
}