{"version":1,"content":[{"key":"rZ6WuzkwlkSn1kXtVxcfOW8XSvbbt4Ug","path":"Ace.png"},{"key":"qI9Tob1xAmQqvv5Nol7HYStWB3oQcBLt","path":"AlphaCentauri.png"},{"key":"fP4ZLUYQGkcYaKTGs8WwlInJdR0GakOT","path":"AxonMonster.png"},{"key":"jG2iZsm61fRU8vSniFOKrPdtypFYksd2","path":"AzaltheDaemon.png"},{"key":"hL0CGKFFugsFtnXJEQjqQkFOu2IFrBxr","path":"Bannakaffalatta.png"},{"key":"bF0Bm7fjmaXZi7it6bQkjk0AW04QIyt3","path":"BlackCyberman1980s.png"},{"key":"wX0SixXHlh269xSozSEwRGWW4cCNOmYb","path":"BrigadierLethbridgeStewart.png"},{"key":"tQ5Hlq2d3gn5VgOPA4AA6wWBFbZt3lAk","path":"CaptainJackHarkness.png"},{"key":"mL4YMCKWPKPyR0ZEOdSOKoKQPzB98Umu","path":"CyberKingMissHartigan.png"},{"key":"sG6m2auEAs7GUtVehivxfZerJrKEi84a","path":"CyberLord.png"},{"key":"eJ1tQyGKzxgxGZU2m9FjovKl4za9MfxC","path":"Cyberman1960s.png"},{"key":"gC4dvdAaw1csoZxXtJ0ngtYUGjjJ58Wp","path":"Cyberman1960sv2.png"},{"key":"hN6jB9c6TjKl9SO7eAPKc90EaLr8wrxZ","path":"Cyberman1980s.png"},{"key":"wI5BCLY1RAfOhkhHg1nEuFiVAg0msZUi","path":"Cyberman2006Cybus.png"},{"key":"yT89PGbIGAcaInqRhIT7tYp3vbSeUSm2","path":"Cyberman2012NonCybus.png"},{"key":"mY8Yky88zPr9v2Lw8kuwZHC7gMoHEZP1","path":"Cyberman2013.png"},{"key":"lK1QkVxL7Sjto9X4YvEsEAac9QwKhcnh","path":"Cybermen1970s.png"},{"key":"uB9I4bHIOTnqlnYUd4usLzuy8HPWy1R8","path":"Cybershade.png"},{"key":"pH4zVsEPHUOcoCE5S4TeIbTBJnfddVoN","path":"DonnaNoble.png"},{"key":"vQ78KaUKM26fcBnBvHc0axQC7NigvKo2","path":"FishformSaturnynian.png"},{"key":"zF9iHh1fKvsLC2SkLmFevqj3cl38iOCY","path":"GelGuardPlasmaCreature.png"},{"key":"eQ1cAHVbq1jwZWoU9IPlhZeWZXLShVEr","path":"geometry.json"},{"key":"jM3jjFwStkwUh0W6L64emoF6KNvoj7r8","path":"HeavenlyHost.png"},{"key":"yM7cbFBGH1BE3lhyNVAafBAXMB64KXH1","path":"JamieMcCrimmon.png"},{"key":"uS1X4xa9xfBS7lGYIExqmFLlNUv7a5XA","path":"JoGrant.png"},{"key":"lZ4TzFtHmj82BF8L6Q9ahmfFylhhJ0gk","path":"Judoon.png"},{"key":"oB2RYUmxheJOrusxUomFddiaGOagGWGO","path":"K9.png"},{"key":"tX94bJoftxPMwWb7vo3K4AYuyKVj6akg","path":"LizShaw.png"},{"path":"manifest.json"},{"key":"oI47RhdG8vANzoPNeVpFiZZl4AQabZOd","path":"MarthaJones.png"},{"key":"yP7mVSyPVs2yCB2xG2hx4LQmduhifMUc","path":"MickeySmith.png"},{"key":"zU4RE4AHbHSsQ2vXRmGgGRf3XEEjFscS","path":"Omega.png"},{"key":"nF5HEWhHOkH3ym3Zq9wInJRzF1is8tH3","path":"Ood.png"},{"key":"iW80ISPxEuoe5ZT8VEroKAPLeeojip78","path":"Racnoss.png"},{"key":"pZ3rdOUk4MkcfSfXqFQ2islIN0y3naaz","path":"Rassilon.png"},{"key":"fM2AP5E9hhF6bRjzckW7a60qyTll6Ab1","path":"Scarecrow.png"},{"key":"rS5j2kYMgelpnddlI287McGhAEWdMWvR","path":"SeaDevil.png"},{"key":"eP1q3QJYZ7yPNWg9t0qJN5ZQSHtl6kmf","path":"skins.json"},{"key":"nC2HzO4zLMu4nIXLrKktewpJW1qkHQVI","path":"Slitheen.png"},{"key":"vL1KJXjKw3eTccxQOg7rq0RtvqtfUbEx","path":"Sontaran2010.png"},{"key":"nJ8ZXKq4kA2y2wkcFEM2L4f2cldBlt8H","path":"Sutekh.png"},{"key":"sU0UqC16nYvmQdm11MxdYjNMQXFPEpqW","path":"Sycorax.png"},{"key":"wJ93EHrQVexcOWw6AULfPT9OQe21nrlh","path":"Sycorax_cape.png"},{"key":"tV1xs4OqKQ9obeoVB1pButamR0TIS1LR","path":"TeganJovanka.png"},{"path":"texts/bg_BG.lang"},{"path":"texts/cs_CZ.lang"},{"path":"texts/da_DK.lang"},{"path":"texts/de_DE.lang"},{"path":"texts/el_GR.lang"},{"path":"texts/en_GB.lang"},{"path":"texts/en_US.lang"},{"path":"texts/es_ES.lang"},{"path":"texts/es_MX.lang"},{"path":"texts/fi_FI.lang"},{"path":"texts/fr_CA.lang"},{"path":"texts/fr_FR.lang"},{"path":"texts/hu_HU.lang"},{"path":"texts/id_ID.lang"},{"path":"texts/it_IT.lang"},{"path":"texts/ja_JP.lang"},{"path":"texts/ko_KR.lang"},{"path":"texts/languages.json"},{"path":"texts/nb_NO.lang"},{"path":"texts/nl_NL.lang"},{"path":"texts/pl_PL.lang"},{"path":"texts/pt_BR.lang"},{"path":"texts/pt_PT.lang"},{"path":"texts/ru_RU.lang"},{"path":"texts/sk_SK.lang"},{"path":"texts/sv_SE.lang"},{"path":"texts/tr_TR.lang"},{"path":"texts/uk_UA.lang"},{"path":"texts/zh_CN.lang"},{"path":"texts/zh_TW.lang"},{"key":"sW1Kp0INabmtoEUJ9eLymvQErvvSgjBE","path":"TheBeast.png"},{"key":"tQ3tv0MRS1y9gd1Q9dgY94yjKTZ18ckC","path":"TheEighthDoctor.png"},{"key":"dC4LNKCXiVjgr4jxcAXW6olEN4gcNSbu","path":"TheFifthDoctor.png"},{"key":"tP4zvllkl49R3djaOtgqVUgbVsN0XZru","path":"TheMaster2007.png"},{"key":"eR93coJOeQAnbiL9oPTpZYb3TqugpzU8","path":"TheNimon.png"},{"key":"vS98JuPyukmToKrYemHb1Y87LHkqotng","path":"TheSecondDoctor.png"},{"key":"iH1MvlAqoz6AGLzL5vryiz0x0MVWqOtQ","path":"TheSeventhDoctor.png"},{"key":"xK9bH3BF4ygxv4I3Hi4hQWuxuztEV25u","path":"TheTenthDoctor.png"},{"key":"xF4lWKjab22X9vsUph0efIOYf2XfEA46","path":"TheTenthDoctorSuit.png"},{"key":"qJ3hcbzW0AsLfR8KEPh0sq1uchXXGpnY","path":"TheThirdDoctor.png"},{"key":"pS1ajSFCiFGA5H1gliHe2PILKZXXQFaQ","path":"TheThirdDoctor_cape.png"},{"key":"gC47Oz9zW0QOyM6MQNlksZKHIpPwr3To","path":"WilfredMott.png"},{"key":"jC0R17QEezASnOh6tJ4S8iV8hqlT93ZB","path":"signatures.json"},{"path":"texts/"}]}