{
  "serialize_name": "DrWho2",
  "localization_name": "DrWho2",
  "skins": [
    {
      "localization_name": "TheTenthDoctor",
      "geometry": "geometry.DrWho2.TheTenthDoctor",
      "texture": "TheTenthDoctor.png",
      "type": "free"
    },
    {
      "localization_name": "TheTenthDoctorSuit",
      "geometry": "geometry.DrWho2.TheTenthDoctorSuit",
      "texture": "TheTenthDoctorSuit.png",
      "type": "free"
    },
    {
      "localization_name": "TheEighthDoctor",
      "geometry": "geometry.DrWho2.TheEighthDoctor",
      "texture": "TheEighthDoctor.png",
      "type": "free"
    },
    {
      "localization_name": "TheSeventhDoctor",
      "geometry": "geometry.DrWho2.TheSeventhDoctor",
      "texture": "TheSeventhDoctor.png",
      "type": "free"
    },
    {
      "localization_name": "TheFifthDoctor",
      "geometry": "geometry.DrWho2.TheFifthDoctor",
      "texture": "TheFifthDoctor.png",
      "type": "free"
    },
    {
      "localization_name": "TheThirdDoctor",
      "geometry": "geometry.DrWho2.TheThirdDoctor",
      "texture": "TheThirdDoctor.png",
      "type": "free"
    },
    {
      "localization_name": "TheSecondDoctor",
      "geometry": "geometry.DrWho2.TheSecondDoctor",
      "texture": "TheSecondDoctor.png",
      "type": "free"
    },
    {
      "localization_name": "DonnaNoble",
      "geometry": "geometry.DrWho2.DonnaNoble",
      "texture": "DonnaNoble.png",
      "type": "free"
    },
    {
      "localization_name": "MarthaJones",
      "geometry": "geometry.DrWho2.MarthaJones",
      "texture": "MarthaJones.png",
      "type": "free"
    },
    {
      "localization_name": "CaptainJackHarkness",
      "geometry": "geometry.DrWho2.CaptainJackHarkness",
      "texture": "CaptainJackHarkness.png",
      "type": "free"
    },
    {
      "localization_name": "LizShaw",
      "geometry": "geometry.DrWho2.LizShaw",
      "texture": "LizShaw.png",
      "type": "free"
    },
    {
      "localization_name": "JamieMcCrimmon",
      "geometry": "geometry.DrWho2.JamieMcCrimmon",
      "texture": "JamieMcCrimmon.png",
      "type": "free"
    },
    {
      "localization_name": "Ace",
      "geometry": "geometry.DrWho2.Ace",
      "texture": "Ace.png",
      "type": "free"
    },
    {
      "localization_name": "JoGrant",
      "geometry": "geometry.DrWho2.JoGrant",
      "texture": "JoGrant.png",
      "type": "free"
    },
    {
      "localization_name": "TeganJovanka",
      "geometry": "geometry.DrWho2.TeganJovanka",
      "texture": "TeganJovanka.png",
      "type": "free"
    },
    {
      "localization_name": "WilfredMott",
      "geometry": "geometry.DrWho2.WilfredMott",
      "texture": "WilfredMott.png",
      "type": "free"
    },
    {
      "localization_name": "MickeySmith",
      "geometry": "geometry.DrWho2.MickeySmith",
      "texture": "MickeySmith.png",
      "type": "free"
    },
    {
      "localization_name": "TheMaster2007",
      "geometry": "geometry.DrWho2.TheMaster2007",
      "texture": "TheMaster2007.png",
      "type": "free"
    },
    {
      "localization_name": "Sontaran2010",
      "geometry": "geometry.DrWho2.Sontaran2010",
      "texture": "Sontaran2010.png",
      "type": "free"
    },
    {
      "localization_name": "K9",
      "geometry": "geometry.DrWho2.K9",
      "texture": "K9.png",
      "type": "free"
    },
    {
      "localization_name": "BrigadierLethbridgeStewart",
      "geometry": "geometry.DrWho2.BrigadierLethbridgeStewart",
      "texture": "BrigadierLethbridgeStewart.png",
      "type": "free"
    },
    {
      "localization_name": "Bannakaffalatta",
      "geometry": "geometry.DrWho2.Bannakaffalatta",
      "texture": "Bannakaffalatta.png",
      "type": "free"
    },
    {
      "localization_name": "Judoon",
      "geometry": "geometry.DrWho2.Judoon",
      "texture": "Judoon.png",
      "type": "free"
    },
    {
      "localization_name": "Sycorax",
      "geometry": "geometry.DrWho2.Sycorax",
      "texture": "Sycorax.png",
      "type": "free"
    },
    {
      "localization_name": "CyberKingMissHartigan",
      "geometry": "geometry.DrWho2.CyberKingMissHartigan",
      "texture": "CyberKingMissHartigan.png",
      "type": "free"
    },
    {
      "localization_name": "Racnoss",
      "geometry": "geometry.DrWho2.Racnoss",
      "texture": "Racnoss.png",
      "type": "free"
    },
    {
      "localization_name": "Slitheen",
      "geometry": "geometry.DrWho2.Slitheen",
      "texture": "Slitheen.png",
      "type": "free"
    },
    {
      "localization_name": "TheBeast",
      "geometry": "geometry.DrWho2.TheBeast",
      "texture": "TheBeast.png",
      "type": "free"
    },
    {
      "localization_name": "Rassilon",
      "geometry": "geometry.DrWho2.Rassilon",
      "texture": "Rassilon.png",
      "type": "free"
    },
    {
      "localization_name": "HeavenlyHost",
      "geometry": "geometry.DrWho2.HeavenlyHost",
      "texture": "HeavenlyHost.png",
      "type": "free"
    },
    {
      "localization_name": "Scarecrow",
      "geometry": "geometry.DrWho2.Scarecrow",
      "texture": "Scarecrow.png",
      "type": "free"
    },
    {
      "localization_name": "Cybershade",
      "geometry": "geometry.DrWho2.Cybershade",
      "texture": "Cybershade.png",
      "type": "free"
    },
    {
      "localization_name": "AzaltheDaemon",
      "geometry": "geometry.DrWho2.AzaltheDaemon",
      "texture": "AzaltheDaemon.png",
      "type": "free"
    },
    {
      "localization_name": "AxonMonster",
      "geometry": "geometry.DrWho2.AxonMonster",
      "texture": "AxonMonster.png",
      "type": "free"
    },
    {
      "localization_name": "Omega",
      "geometry": "geometry.DrWho2.Omega",
      "texture": "Omega.png",
      "type": "free"
    },
    {
      "localization_name": "AlphaCentauri",
      "geometry": "geometry.DrWho2.AlphaCentauri",
      "texture": "AlphaCentauri.png",
      "type": "free"
    },
    {
      "localization_name": "GelGuardPlasmaCreature",
      "geometry": "geometry.DrWho2.GelGuardPlasmaCreature",
      "texture": "GelGuardPlasmaCreature.png",
      "type": "free"
    },
    {
      "localization_name": "TheNimon",
      "geometry": "geometry.DrWho2.TheNimon",
      "texture": "TheNimon.png",
      "type": "free"
    },
    {
      "localization_name": "Sutekh",
      "geometry": "geometry.DrWho2.Sutekh",
      "texture": "Sutekh.png",
      "type": "free"
    },
    {
      "localization_name": "SeaDevil",
      "geometry": "geometry.DrWho2.SeaDevil",
      "texture": "SeaDevil.png",
      "type": "free"
    },
    {
      "localization_name": "Ood",
      "geometry": "geometry.DrWho2.Ood",
      "texture": "Ood.png",
      "type": "free"
    },
    {
      "localization_name": "FishformSaturnynian",
      "geometry": "geometry.DrWho2.FishformSaturnynian",
      "texture": "FishformSaturnynian.png",
      "type": "free"
    },
    {
      "localization_name": "Cyberman2012NonCybus",
      "geometry": "geometry.DrWho2.Cyberman2012NonCybus",
      "texture": "Cyberman2012NonCybus.png",
      "type": "free"
    },
    {
      "localization_name": "Cyberman2013",
      "geometry": "geometry.DrWho2.Cyberman2013",
      "texture": "Cyberman2013.png",
      "type": "free"
    },
    {
      "localization_name": "CyberLord",
      "geometry": "geometry.DrWho2.CyberLord",
      "texture": "CyberLord.png",
      "type": "free"
    },
    {
      "localization_name": "Cyberman2006Cybus",
      "geometry": "geometry.DrWho2.Cyberman2006Cybus",
      "texture": "Cyberman2006Cybus.png",
      "type": "free"
    },
    {
      "localization_name": "BlackCyberman1980s",
      "geometry": "geometry.DrWho2.BlackCyberman1980s",
      "texture": "BlackCyberman1980s.png",
      "type": "free"
    },
    {
      "localization_name": "Cyberman1980s",
      "geometry": "geometry.DrWho2.Cyberman1980s",
      "texture": "Cyberman1980s.png",
      "type": "free"
    },
    {
      "localization_name": "Cybermen1970s",
      "geometry": "geometry.DrWho2.Cybermen1970s",
      "texture": "Cybermen1970s.png",
      "type": "free"
    },
    {
      "localization_name": "Cyberman1960s",
      "geometry": "geometry.DrWho2.Cyberman1960s",
      "texture": "Cyberman1960s.png",
      "type": "free"
    },
    {
      "localization_name": "Cyberman1960sv2",
      "geometry": "geometry.DrWho2.Cyberman1960sv2",
      "texture": "Cyberman1960sv2.png",
      "type": "free"
    }
  ]
}